,region,week_last_day,epidemiological_week,total_inhabitants,last_available_confirmed,last_available_deaths,new_week_cases,new_week_deaths,prevalence,mortality,lethality,incidence_cases,incidence_deaths,cases_growth_factor,deaths_growth_factor,new_week_cases_mm,new_week_deaths_mm,incidence_cases_mm,incidence_deaths_mm
0,Brasil,29/02/2020,9,211755691.6839929,2,0,2,0,0.0009444846483676286,0.0,0.0,0.0009444846483676286,0.0,0.0,0.0,2,0,0.0009444846483676286,0.0
1,Brasil,07/03/2020,10,211755691.6839929,19,0,17,0,0.008972604159492472,0.0,0.0,0.008028119511124842,0.0,8.5,0.0,17,0,0.008028119511124842,0.0
2,Brasil,14/03/2020,11,211755691.6839929,136,0,117,0,0.06422495608899874,0.0,0.0,0.055252351929506276,0.0,6.882352941176471,0.0,45,0,0.021408318696332918,0.0
3,Brasil,21/03/2020,12,211755691.6839929,1132,18,996,18,0.5345783109760778,0.008500361835308657,1.5901060070671376,0.470353354887079,0.008500361835308657,8.512820512820513,0.0,376,6,0.1778779421092367,0.002833453945102886
4,Brasil,28/03/2020,13,211755691.6839929,3953,115,2821,97,1.8667739074986178,0.05430786728113864,2.9091828990640023,1.33219559652254,0.04580750544582999,2.8323293172690764,5.388888888888889,1311,38,0.6192671011130418,0.018102622427046217
5,Brasil,04/04/2020,14,211755691.6839929,10381,445,6428,330,4.902347567352177,0.21014783426179737,4.286677584047779,3.0355736598535583,0.15583996698065872,2.2786246012052462,3.402061855670103,3415,148,1.6127075370877257,0.07004927808726578
6,Brasil,11/04/2020,15,211755691.6839929,20991,1141,10610,696,9.912838626942445,0.538828491893732,5.435662903148969,5.01049105959027,0.32868065763193477,1.6505911636589918,2.109090909090909,6619,374,3.1260867719887897,0.17677604335280783
7,Brasil,18/04/2020,16,211755691.6839929,37175,2375,16184,1234,17.555608401533295,1.121575519936559,6.388702084734364,7.6427697745908505,0.5827470280428269,1.525353440150801,1.7729885057471264,11074,753,5.229611498011559,0.35575588421847343
8,Brasil,25/04/2020,17,211755691.6839929,59506,4074,22331,1699,28.101251742882052,1.9239152287248595,6.846368433435283,10.545643341348757,0.8023397087883005,1.379819574888779,1.3768233387358184,16375,1209,7.732968058509958,0.5712557981543541
9,Brasil,02/05/2020,18,211755691.6839929,97430,6808,37924,2734,46.010569645229026,3.2150257430434075,6.987580827260597,17.909317902346974,1.2911105143185482,1.6982669831176391,1.609181871689229,25479,1889,12.032577006095527,0.8920657503832251
10,Brasil,09/05/2020,19,211755691.6839929,157248,10695,59818,3887,74.25916099325643,5.050631657145894,6.8013583638583635,28.248591348027404,1.835605914102486,1.5773125197763949,1.4217264081931236,40024,2773,18.901184197241044,1.3096853790697782
11,Brasil,16/05/2020,20,211755691.6839929,234575,15698,77327,5003,110.77624319541823,7.413260005037516,6.6921027389960575,36.51708220216181,2.362628347891623,1.2927045370958574,1.2871108824286082,58356,3874,27.558330484178725,1.8297815921042193
12,Brasil,23/05/2020,21,211755691.6839929,351125,22191,116550,6493,165.81608607904178,10.479529415963023,6.319971520113919,55.03984288362356,3.066269410925506,1.507235506356124,1.2978213072156706,84565,5127,39.93517214460426,2.4215012243065384
13,Brasil,30/05/2020,22,211755691.6839929,502913,28895,151788,6704,237.4968039822546,13.645441957291315,5.745526562248341,71.68071790321281,3.165912541328291,1.3023423423423424,1.0324965347297088,115221,6066,54.412547662999394,2.86493676671514
14,Brasil,06/06/2020,23,211755691.6839929,676893,36054,173980,7159,319.6575235437546,17.02622475612324,5.326395752356724,82.16071956150002,3.3807827988319263,1.1462039159880886,1.0678699284009547,147439,6785,69.62709344944547,3.2043215836952412
15,Brasil,13/06/2020,24,211755691.6839929,851779,42792,174886,6738,402.2460946509652,20.208193536473782,5.023838343044381,82.58857110721054,3.1819687803505405,1.005207495114381,0.9411929040368766,166884,6867,78.8100028573078,3.2428880401702522
16,Brasil,20/06/2020,25,211755691.6839929,1071337,50100,219558,7308,505.9306748641151,23.659340441609096,4.676399676292334,103.6845802131499,3.4511469051353147,1.2554349690655626,1.0845948352626893,189474,7068,89.47795696062015,3.3379661614392604
17,Brasil,27/06/2020,26,211755691.6839929,1318551,57159,247214,7059,622.6755887948925,26.99289900802264,4.33498590498206,116.74491393077747,3.333558566413545,1.12596216034032,0.965927750410509,213886,7035,101.0060217503793,3.3222247506331333
18,Brasil,04/07/2020,27,211755691.6839929,1580041,64410,261490,7251,746.1622341457181,30.417128100679477,4.076476496495976,123.4866453508256,3.4242290926568373,1.057747538569822,1.0271993200169995,242754,7206,114.63871316491766,3.402978188068566
19,Brasil,11/07/2020,28,211755691.6839929,1844313,71578,264272,7168,870.9626576424231,33.80216108042906,3.8810115202788245,124.80042349670497,3.385032979749581,1.010639030173238,0.9885533029926906,257658,7159,121.67732759276934,3.3809402129399877
20,Brasil,18/07/2020,29,211755691.6839929,2077955,78870,233642,7292,981.2982987493779,37.24575210837743,3.795558614118207,110.33564110695474,3.443591027948374,0.88409668826058,1.0172991071428572,253134,7237,119.54090331816177,3.4176177001182637
21,Brasil,25/07/2020,30,211755691.6839929,2398993,86536,321038,7666,1132.906030020701,40.86596176557055,3.607180179350252,151.60773127132336,3.6202096571931204,1.374059458487772,1.051289083927592,272984,7375,128.91459862499437,3.482944554963692
22,Brasil,01/08/2020,31,211755691.6839929,2711992,93668,312999,7132,1280.7174052479108,44.233994021649515,3.4538449965929106,147.81137522720968,3.3680322560789637,0.9749593506064702,0.9303417688494652,289226,7363,136.58491586849593,3.477277647073486
23,Brasil,08/08/2020,32,211755691.6839929,3018397,100648,306405,6980,1425.4148145894526,47.53024544445254,3.334485158844248,144.69740934154163,3.296251422803024,0.9789328400410225,0.978687605159843,313480,7259,148.03883861335822,3.4281644453583695
24,Brasil,15/08/2020,33,211755691.6839929,3320108,107364,301711,6716,1567.8955184612753,50.70182489367104,3.233750227402241,142.48070387182278,3.171579449218497,0.9846804066513275,0.9621776504297994,307038,6942,144.99649614685805,3.2786210427001614
25,Brasil,22/08/2020,34,211755691.6839929,3586586,114378,266478,7014,1693.7377085251298,54.01413255549631,3.1890494191412113,125.84219006385446,3.3123076618252734,0.883222686610697,1.0443716497915425,291531,6903,137.67343442573963,3.2600461779489316
26,Brasil,29/08/2020,35,211755691.6839929,3850070,120570,263484,6192,1818.1660050703779,56.93825702684249,3.1316313729360763,124.42829654524813,2.924124471346178,0.9887645509197758,0.8828058169375534,277224,6640,130.9170634936418,3.136003860796649
27,Brasil,05/09/2020,36,211755691.6839929,4125816,126292,275746,5722,1948.384936994768,59.640427605822275,3.061018717267081,130.21893192439006,2.702170578979785,1.0465379301969,0.9240956072351422,268569,6309,126.82980617783089,2.9795342373837457
28,Brasil,12/09/2020,37,211755691.6839929,4318971,131341,193155,5049,2039.6009031224926,62.024779100626354,3.0410252812533356,91.21596612772466,2.3843514948040783,0.7004816026343084,0.8823837818944426,244128,5654,115.28773153245429,2.670215515043347
29,Brasil,19/09/2020,38,211755691.6839929,4531145,136626,212174,5285,2139.798446013869,64.5205797839378,3.015264353711921,100.19754289137661,2.4958006833114585,1.0984649633713857,1.0467419290948703,227025,5352,107.21081364783045,2.527440919031774
30,Norte,14/03/2020,11,18672590.959272966,2,0,2,0,0.010710886370093075,0.0,0.0,0.010710886370093075,0.0,0.0,0.0,2,0,0.010710886370093075,0.0
31,Norte,21/03/2020,12,18672590.959272966,32,0,30,0,0.1713741819214892,0.0,0.0,0.16066329555139613,0.0,15.0,0.0,30,0,0.16066329555139613,0.0
32,Norte,28/03/2020,13,18672590.959272966,189,1,157,1,1.0121787619737956,0.005355443185046538,0.5291005291005291,0.8408045800523064,0.005355443185046538,5.233333333333333,0.0,63,0,0.33739292065793186,0.0017851477283488458
33,Norte,04/04/2020,14,18672590.959272966,537,16,348,15,2.8758729903699907,0.0856870909607446,2.97951582867784,1.8636942283961953,0.08033164777569807,2.21656050955414,15.0,178,5,0.9550540346666326,0.028562363653581533
34,Norte,11/04/2020,15,18672590.959272966,1689,76,1152,60,9.045343539543602,0.4070136820635369,4.499703966844287,6.169470549173612,0.32132659110279227,3.310344827586207,4.0,552,25,2.957989785874038,0.13567122735451229
35,Norte,18/04/2020,16,18672590.959272966,3463,218,1774,142,18.54589974981616,1.1674866143401452,6.2951198382905,9.500556210272558,0.7604729322766084,1.5399305555555556,2.3666666666666667,1091,72,5.844573662614121,0.3873770570516996
36,Norte,25/04/2020,17,18672590.959272966,7114,426,3651,208,38.09862281842107,2.281418796829825,5.988192296879393,19.55272306860491,1.11393218248968,2.0580608793686586,1.4647887323943662,2192,136,11.740916609350359,0.731910568623027
37,Norte,02/05/2020,18,18672590.959272966,12948,903,5834,477,69.34227835998257,4.835965196097024,6.974050046339203,31.243655541561502,2.5545463992671986,1.597918378526431,2.293269230769231,3753,275,20.098978273479656,1.4763171713444958
38,Norte,09/05/2020,19,18672590.959272966,25924,1751,12976,848,138.83450912914645,9.377381017016488,6.754358895232217,69.49223076916388,4.541415820919464,2.2242029482344874,1.7777777777777777,7487,511,40.096203126443434,2.7366314675587806
39,Norte,16/05/2020,20,18672590.959272966,43745,2910,17821,1159,234.2738621298608,15.584339668485425,6.6521888215796094,95.43935300071435,6.206958651468938,1.373381627620222,1.366745283018868,12210,828,65.39174643714658,4.434306957218534
40,Norte,23/05/2020,21,18672590.959272966,70427,4376,26682,1466,377.1677971932725,23.43541937776365,6.213526062447641,142.89393506341173,7.851079709278225,1.4972223780932608,1.2648835202761002,19159,1157,102.60850627776331,6.199818060555542
41,Norte,30/05/2020,22,18672590.959272966,106002,5662,35575,1286,567.6876885013031,30.322519313733498,5.341408652666931,190.5198913080306,6.8870999359698475,1.333295854883442,0.8772169167803547,26692,1303,142.9510597907189,6.981712765572337
42,Norte,06/06/2020,23,18672590.959272966,141817,6836,35815,1174,759.4928861737449,36.60980961297813,4.820296579394572,191.80519767244175,6.287290299244636,1.0067463106113843,0.9129082426127527,32690,1308,175.07300801462802,7.008489981497569
43,Norte,13/06/2020,24,18672590.959272966,175817,7872,34000,1036,941.5779544653271,42.15804875268635,4.477382733182798,182.08506829158227,5.548239139708214,0.9493229093955047,0.8824531516183987,35130,1165,188.1367190906849,6.240876458307565
44,Norte,20/06/2020,25,18672590.959272966,211496,8718,35679,846,1132.6548118646026,46.68875368723572,4.1220637742557775,191.0768573992754,4.530704934549371,1.0493823529411765,0.8166023166023166,35164,1018,188.32237445443312,5.4554114578340736
45,Norte,27/06/2020,26,18672590.959272966,254583,9328,43087,610,1363.4047923787027,49.95557403011411,3.6640309840012883,230.74998051410017,3.266820342878388,1.2076291375879369,0.7210401891252955,37588,830,201.30396873498594,4.448588139045325
46,Norte,04/07/2020,27,18672590.959272966,287964,9982,33381,654,1542.1748413387413,53.45803387313454,3.4664055229125865,178.77004896003848,3.5024598430204357,0.7747348388144916,1.0721311475409836,37382,703,200.19896229113803,3.766661706816065
47,Norte,11/07/2020,28,18672590.959272966,320156,10472,32192,490,1714.5772683517594,56.082201033807344,3.2709054336011194,172.40242701301815,2.6241671606728034,0.9643809352625745,0.7492354740061162,36220,584,193.9741521623856,3.1311491155238755
48,Norte,18/07/2020,29,18672590.959272966,351162,11023,31006,551,1880.6281397473124,59.03305022876799,3.1390070679629343,166.05087139555295,2.9508491949606426,0.9631585487077535,1.1244897959183673,32193,565,172.4077824562032,3.025825399551294
49,Norte,25/07/2020,30,18672590.959272966,385545,11592,34383,569,2064.7643427787675,62.08029740105947,3.0066529198926197,184.13620303145512,3.0472471722914802,1.108914403663807,1.0326678765880217,32527,536,174.19650048000872,2.8740878426416416
50,Norte,01/08/2020,31,18672590.959272966,413676,11943,28131,351,2215.4183150173117,63.960057959010804,2.8870420328953097,150.65397223854416,1.8797605579513348,0.8181659541052264,0.616871704745167,31173,490,166.94701555518407,2.625952308401153
51,Norte,08/08/2020,32,18672590.959272966,445623,12338,31947,395,2386.508658449993,66.07545801710418,2.768708078353227,171.09034343268175,2.1154000580933823,1.135651061106964,1.1253561253561253,31487,438,168.62683956756032,2.3474692627787324
52,Norte,15/08/2020,33,18672590.959272966,475421,12683,29798,345,2546.09015447801,67.92308591594524,2.6677408023625375,159.58149602801674,1.8476278988410555,0.9327323379347043,0.8734177215189873,29958,363,160.4419372330809,1.947596171628591
53,Norte,22/08/2020,34,18672590.959272966,505675,13067,30254,384,2708.113732598408,69.97957609900311,2.584070796460177,162.02357812039796,2.0564901830578703,1.015303040472515,1.1130434782608696,30666,374,164.23180586036548,2.0065060466641027
54,Norte,29/08/2020,35,18672590.959272966,534741,13392,29066,325,2863.775044214971,71.72009513414324,2.5043899757078663,155.66131161656267,1.7405190351401247,0.960732465128578,0.8463541666666666,29706,351,159.08879525499245,1.8815457056796834
55,Norte,05/09/2020,36,18672590.959272966,559969,13911,25228,519,2998.882164887325,74.49957014718238,2.484244663543875,135.10712067235406,2.779475013039153,0.8679556870570426,1.596923076923077,28182,409,150.93067013643824,2.1921614104123828
56,Norte,12/09/2020,37,18672590.959272966,579814,14203,19845,292,3105.1609348945735,76.06335955721597,2.4495786579834222,106.27877000724854,1.563789410033589,0.7866259711431742,0.5626204238921002,24713,378,132.34906743205508,2.027927819404289
57,Norte,19/09/2020,38,18672590.959272966,600313,14531,20499,328,3214.942164744842,77.81994492191124,2.420570602335782,109.78122985026899,1.7565853646952645,1.0329554043839757,1.1232876712328768,21857,379,117.05570684329052,2.0332832625893356
58,Nordeste,07/03/2020,10,57374243.051191874,2,0,2,0,0.003485884769260503,0.0,0.0,0.003485884769260503,0.0,0.0,0.0,2,0,0.003485884769260503,0.0
59,Nordeste,14/03/2020,11,57374243.051191874,17,0,15,0,0.029630020538714275,0.0,0.0,0.02614413576945377,0.0,7.5,0.0,15,0,0.02614413576945377,0.0
60,Nordeste,21/03/2020,12,57374243.051191874,191,0,174,0,0.33290199546437804,0.0,0.0,0.30327197492566377,0.0,11.6,0.0,63,0,0.11096733182145935,0.0
61,Nordeste,28/03/2020,13,57374243.051191874,655,11,464,11,1.1416272619328147,0.019172366230932766,1.6793893129770994,0.8087252664684367,0.019172366230932766,2.6666666666666665,0.0,217,3,0.37938045905451806,0.006390788743644255
62,Nordeste,04/04/2020,14,57374243.051191874,1680,64,1025,53,2.9281432061788224,0.11154831261633609,3.8095238095238098,1.7865159442460077,0.09237594638540333,2.209051724137931,4.818181818181818,554,21,0.966171061880036,0.03718277087211203
63,Nordeste,11/04/2020,15,57374243.051191874,4048,231,2368,167,7.055430772983258,0.4026196908495881,5.706521739130435,4.127287566804435,0.291071378233252,2.310243902439024,3.150943396226415,1285,77,2.2408429258396265,0.13420656361652938
64,Nordeste,18/04/2020,16,57374243.051191874,8804,553,4756,322,15.344864754284734,0.9638471387005291,6.281235801908223,8.289433981301476,0.561227447850941,2.008445945945946,1.9281437125748504,2716,180,4.73441249745064,0.3148915908231988
65,Nordeste,25/04/2020,17,57374243.051191874,16823,1040,8019,487,29.32151973663472,1.8126600800154615,6.182012720680021,13.976654982349986,0.8488129413149325,1.686080740117746,1.5124223602484472,5047,325,8.797792176818632,0.5670372557997085
66,Nordeste,02/05/2020,18,57374243.051191874,29084,1863,12261,823,50.69173631458624,3.2471016625661586,6.405583826158713,21.370216577951513,1.4344415825506969,1.5289936401047513,1.6899383983572895,8345,544,14.545435180534326,0.9481606572388568
67,Nordeste,09/05/2020,19,57374243.051191874,50233,3009,21149,1146,87.55322480713143,5.244513635352427,5.990086198315849,36.86148849254519,1.9974119727862683,1.7249000897153577,1.3924665856622114,13809,818,24.069453350948894,1.4268888322172992
68,Nordeste,16/05/2020,20,57374243.051191874,79136,4553,28903,1544,137.9294885500996,7.935616677221535,5.753386575010109,50.376263742968156,2.691103041869108,1.3666367204123127,1.3472949389179756,20771,1171,36.20265627115495,2.0409855324020243
69,Nordeste,23/05/2020,21,57374243.051191874,122357,6555,43221,2002,213.26120135620369,11.424987331251298,5.357274205807596,75.3317128061041,3.4893706540297633,1.4953811023077188,1.2966321243523315,31091,1564,54.18982168053915,2.7259618895617135
70,Nordeste,30/05/2020,22,57374243.051191874,174737,8674,52380,2119,304.5565234631363,15.1182822442828,4.964031659007537,91.29532210693257,3.6932949130315027,1.2119108766571804,1.0584415584415585,41501,1888,72.33443288533493,3.291256202976791
71,Nordeste,06/06/2020,23,57374243.051191874,238429,11157,63692,2483,415.56800982500624,19.446008185319716,4.67938044449291,111.01148636186997,4.327725941036914,1.2159602901870943,1.1717791411042944,53097,2201,92.54617375830223,3.83679716936606
72,Nordeste,13/06/2020,24,57374243.051191874,301278,13674,62849,2517,525.110195756633,23.83299416743406,4.538665285882142,109.54218593162668,4.386985982114343,0.9867644288136658,1.013693113169553,59640,2373,103.94966480014307,4.136002278727586
73,Nordeste,20/06/2020,25,57374243.051191874,374714,15941,73436,2267,653.10491271434,27.784244553390838,4.25417785297587,127.99471695770714,3.9512503859567802,1.1684513675635253,0.9006754072308304,66659,2422,116.18279641706793,4.2219874363693455
74,Nordeste,27/06/2020,26,57374243.051191874,452053,18381,77339,2440,787.902333799259,32.03702397188865,4.066116141248925,134.79742108491902,4.252779418497814,1.053148319625252,1.0763123070136744,71208,2408,124.11144132475094,4.197005262189646
75,Nordeste,04/07/2020,27,57374243.051191874,541509,20788,89456,2407,943.8189877587429,36.23228629169367,3.838902031175844,155.91665395948377,4.195262319805015,1.1566738644151076,0.9864754098360655,80077,2371,139.56959733403664,4.133097374753203
76,Nordeste,11/07/2020,28,57374243.051191874,623441,23083,81932,2295,1086.6217432162687,40.232339064420096,3.7025155547998927,142.80275545752576,4.000052772726427,0.9158916115185118,0.953469048608226,82909,2380,144.50561016730953,4.149364837009752
77,Nordeste,18/07/2020,29,57374243.051191874,694499,25221,71058,2138,1210.471743183325,43.95874988275957,3.6315387063192315,123.8499999670564,3.7264108183394775,0.8672801835668603,0.9315904139433551,80815,2280,140.85646979468865,3.9739086369569727
78,Nordeste,25/07/2020,30,57374243.051191874,784418,27202,89919,1981,1367.1953794668925,47.4115187467121,3.467793956793444,156.72363628356757,3.452768863952528,1.2654310563201892,0.9265668849391955,80969,2138,141.12546390271658,3.7264108183394775
79,Nordeste,01/08/2020,31,57374243.051191874,872782,28970,88364,1768,1521.2087403423602,50.493040882738384,3.3192710207130762,154.01336087546755,3.0815221360262846,0.9827066582146153,0.8924785461887935,83113,1962,144.86233237536385,3.4202339394394303
80,Nordeste,08/08/2020,32,57374243.051191874,949712,30608,76930,1638,1655.2932979919653,53.34798050876274,3.222871775864683,134.08455764960524,2.854939626024352,0.8706034131546784,0.9264705882352942,85071,1795,148.27385160288011,3.129743542001055
81,Nordeste,15/08/2020,33,57374243.051191874,1019116,32128,69404,1520,1776.2604712548434,55.997252933400716,3.1525361195388943,120.96717326287798,2.6492724246379824,0.9021708046275835,0.927960927960928,78232,1642,136.3550305959836,2.8619113955628728
82,Nordeste,22/08/2020,34,57374243.051191874,1079216,33578,60100,1450,1881.0113085711214,58.52451939111459,3.1113326711242237,104.75083731627811,2.5272664577138646,0.8659443259754481,0.9539473684210527,68811,1536,119.93418940958712,2.6771595027920667
83,Nordeste,29/08/2020,35,57374243.051191874,1139333,34859,60117,1281,1985.7917759079382,60.757228585825935,3.059597150262478,104.78046733681683,2.232709194711352,1.0002828618968387,0.883448275862069,63207,1417,110.1661593053243,2.4697493590210664
84,Nordeste,05/09/2020,36,57374243.051191874,1191702,35885,52369,1026,2077.06792564864,62.54548747245657,3.011239387027965,91.27614974070164,1.788258886630638,0.8711179865928107,0.8009367681498829,57528,1252,100.26915146459885,2.1827448463519517
85,Nordeste,12/09/2020,37,57374243.051191874,1229045,36841,37343,956,2142.1546231178872,64.2117403921631,2.997530603029181,65.08669746924748,1.6662529197065203,0.7130745288243044,0.9317738791423001,49943,1087,87.04777151558865,1.8957403336828367
86,Nordeste,19/09/2020,38,57374243.051191874,1270058,37747,41013,906,2213.6379191387277,65.7908461926381,2.972068992124769,71.4832960208405,1.5791058004750078,1.0982781244142141,0.9476987447698745,43575,962,75.94871441026321,1.6778725356040554
87,Centro-Oeste,07/03/2020,10,16504302.998604896,1,0,1,0,0.006059025940595793,0.0,0.0,0.006059025940595793,0.0,0.0,0.0,1,0,0.006059025940595793,0.0
88,Centro-Oeste,14/03/2020,11,16504302.998604896,14,0,13,0,0.0848263631683411,0.0,0.0,0.07876733722774532,0.0,13.0,0.0,13,0,0.07876733722774532,0.0
89,Centro-Oeste,21/03/2020,12,16504302.998604896,144,0,130,0,0.8724997354457943,0.0,0.0,0.7876733722774532,0.0,10.0,0.0,48,0,0.2908332451485981,0.0
90,Centro-Oeste,28/03/2020,13,16504302.998604896,358,1,214,1,2.169131286733294,0.006059025940595793,0.27932960893854747,1.2966315512874997,0.006059025940595793,1.646153846153846,0.0,119,0,0.7210240869308994,0.002019675313531931
91,Centro-Oeste,04/04/2020,14,16504302.998604896,681,11,323,10,4.126196665545735,0.06664928534655373,1.6152716593245229,1.9570653788124412,0.060590259405957934,1.5093457943925233,10.0,222,3,1.347123434125798,0.022216428448851244
92,Centro-Oeste,11/04/2020,15,16504302.998604896,1022,29,341,18,6.192324511288901,0.175711752277278,2.8375733855185907,2.0661278457431655,0.10906246693072429,1.0557275541795665,1.8,292,9,1.7732749252810356,0.058570584092426
93,Centro-Oeste,18/04/2020,16,16504302.998604896,1506,52,484,23,9.124893066537265,0.31506934891098126,3.4528552456839305,2.932568555248364,0.13935759663370326,1.4193548387096775,1.2777777777777777,382,17,2.318587259934657,0.10300344099012848
94,Centro-Oeste,25/04/2020,17,16504302.998604896,1989,68,483,16,12.051402595845033,0.4120137639605139,3.418803418803419,2.926509529307768,0.09694441504953269,0.9979338842975206,0.6956521739130435,436,19,2.6417353100997656,0.11512149287132008
95,Centro-Oeste,02/05/2020,18,16504302.998604896,3029,83,1040,15,18.35278957406466,0.5028991530694509,2.7401782766589635,6.301386978219625,0.0908853891089369,2.153209109730849,0.9375,669,18,4.053488354258586,0.10906246693072429
96,Centro-Oeste,09/05/2020,19,16504302.998604896,4493,113,1464,30,27.2232035510969,0.6846699312873247,2.5150233696861783,8.870413977032241,0.1817707782178738,1.4076923076923078,2.0,995,20,6.032770161519878,0.1232001941254478
97,Centro-Oeste,16/05/2020,20,16504302.998604896,7157,167,2664,54,43.36444865684409,1.0118573320794975,2.3333799077825903,16.141245105747192,0.32718740079217284,1.819672131147541,1.8,1722,33,10.43768202033302,0.19994785603966117
98,Centro-Oeste,23/05/2020,21,16504302.998604896,10904,244,3747,77,66.06761885625653,1.4784023295053736,2.2377109317681585,22.703170199412437,0.4665449974258761,1.4065315315315314,1.4259259259259258,2625,53,15.904943094063958,0.32516772547864087
99,Centro-Oeste,30/05/2020,22,16504302.998604896,16985,364,6081,120,102.91255560101955,2.205485442376869,2.143067412422726,36.84493674476302,0.7270831128714952,1.622898318654924,1.5584415584415585,4164,83,25.22978401664088,0.5069385036965147
100,Centro-Oeste,06/06/2020,23,16504302.998604896,27661,502,10676,138,167.59871654282023,3.041631022179088,1.8148295434004555,64.6861609418007,0.8361455798022195,1.7556322973195198,1.15,6834,111,41.41142262865872,0.676591230033197
101,Centro-Oeste,13/06/2020,24,16504302.998604896,39072,734,11411,232,236.73826155095884,4.447325040397312,1.8785831285831285,69.1395450081386,1.405694018218224,1.0688460097414763,1.681159420289855,9389,163,56.89021423156743,0.9896409036306463
102,Centro-Oeste,20/06/2020,25,16504302.998604896,62187,1086,23115,352,376.7926461678306,6.580102171487032,1.7463456992619037,140.05438461687177,2.1327771310897194,2.0256769783542197,1.5172413793103448,15067,240,91.29336352227035,1.4582055763700543
103,Centro-Oeste,27/06/2020,26,16504302.998604896,86286,1576,24099,490,522.8091123102487,9.549024882378971,1.82648401826484,146.016466142418,2.9689227108919387,1.0425697598961714,1.3920454545454546,19541,358,118.40346525580946,2.1691312867332937
104,Centro-Oeste,04/07/2020,27,16504302.998604896,114708,2195,28422,619,695.0187475938623,13.299561939607766,1.9135544164312863,172.20963528361364,3.750537057228796,1.1793850367235155,1.263265306122449,25212,487,152.76016201430113,2.950745633070151
105,Centro-Oeste,11/07/2020,28,16504302.998604896,146402,2926,31694,731,887.0535157551053,17.72870990218329,1.9986065764128906,192.03476816124308,4.429147962575525,1.1151220885229751,1.1809369951534734,28071,613,170.0869565290916,3.716202576898753
106,Centro-Oeste,18/07/2020,29,16504302.998604896,171100,3695,24698,769,1036.6993384359403,22.388100850501456,2.159555815312683,149.6458226808349,4.6593909483181655,0.7792642140468228,1.051983584131327,28271,706,171.29674204189723,4.279691989374162
107,Centro-Oeste,25/07/2020,30,16504302.998604896,214521,4540,43421,845,1299.7883038025502,27.5079777703049,2.116342922138159,263.08896536660995,5.1198769198034455,1.7580775771317516,1.0988296488946685,33271,781,201.58985206956265,4.736138610232378
108,Centro-Oeste,01/08/2020,31,16504302.998604896,256896,5461,42375,921,1556.5395280352968,33.08834066159363,2.1257629546586947,256.7512242327467,5.5803628912887255,0.975910273830635,1.0899408284023668,36831,845,223.16200409339717,5.1198769198034455
109,Centro-Oeste,08/08/2020,32,16504302.998604896,301467,6363,44571,902,1826.596373233592,38.55358206001103,2.1106787807620737,270.0568451982951,5.4652413984174055,1.0518230088495575,0.9793702497285559,43455,889,263.29901159921724,5.388493736503192
110,Centro-Oeste,15/08/2020,33,16504302.998604896,345931,7261,44464,898,2096.0049026562433,43.99458735466605,2.0989734947142638,269.4085294226514,5.441005294655023,0.9975993358910502,0.9955654101995566,43803,907,265.40553295123107,5.495536528120385
111,Centro-Oeste,22/08/2020,34,16504302.998604896,387152,8288,41221,1027,2345.7640109535428,50.21720699565793,2.140761251394801,249.7591082972992,6.22261964099188,0.9270645915797049,1.143652561247216,43418,942,263.0748276394152,5.709622111354769
112,Centro-Oeste,29/08/2020,35,16504302.998604896,429240,9123,42088,835,2600.7762947413385,55.27649365605542,2.1253844003354767,255.01228378779575,5.059286660397487,1.021032968632493,0.813047711781889,42591,920,258.0599738359154,5.5743038653481305
113,Centro-Oeste,05/09/2020,36,16504302.998604896,467769,10056,38529,933,2834.2245052065537,60.929564858631295,2.1497790576117697,233.4482104652153,5.653071202575875,0.9154390800228094,1.1173652694610778,40612,931,246.0732008501034,5.644992501321748
114,Centro-Oeste,12/09/2020,37,16504302.998604896,502861,10852,35092,796,3046.8478435139414,65.75254950734555,2.158051628581258,212.62333830738757,4.822984648714251,0.9107944665057489,0.8531618435155413,38569,854,233.6946108534662,5.178447503895871
115,Centro-Oeste,19/09/2020,38,16504302.998604896,543242,11624,40381,772,3291.51737002114,70.4301175334855,2.1397461904639186,244.66952650719873,4.677568026139952,1.1507181123902883,0.9698492462311558,38000,833,230.2470250932672,5.051207959143359
116,Sudeste,29/02/2020,9,89012239.720951,2,0,2,0,0.0022468820088899027,0.0,0.0,0.0022468820088899027,0.0,0.0,0.0,2,0,0.0022468820088899027,0.0
117,Sudeste,07/03/2020,10,89012239.720951,16,0,14,0,0.01797505607111922,0.0,0.0,0.01572817406222932,0.0,7.0,0.0,14,0,0.01572817406222932,0.0
118,Sudeste,14/03/2020,11,89012239.720951,88,0,72,0,0.09886280839115573,0.0,0.0,0.0808877523200365,0.0,5.142857142857143,0.0,29,0,0.03295426946371858,0.0
119,Sudeste,21/03/2020,12,89012239.720951,596,18,508,18,0.6695708386491911,0.020221938080009126,3.0201342281879198,0.5707080302580353,0.020221938080009126,7.055555555555555,0.0,198,6,0.2224413188801004,0.006740646026669708
120,Sudeste,28/03/2020,13,89012239.720951,2230,97,1634,79,2.5052734399122416,0.10897377743116028,4.349775784753363,1.8357026012630506,0.08875183935115116,3.216535433070866,4.388888888888889,738,32,0.8290994612803742,0.036324592477053434
121,Sudeste,04/04/2020,14,89012239.720951,6308,330,4078,233,7.086665856038754,0.37073553146683397,5.23145212428662,4.581392416126512,0.2617617540356737,2.4957160342717257,2.949367088607595,2073,110,2.329267682549199,0.12357851048894465
122,Sudeste,11/04/2020,15,89012239.720951,12159,741,5851,411,13.659919173046164,0.832469784293709,6.094251171971379,6.573253317007411,0.461734252826875,1.4347719470328593,1.7639484978540771,3854,241,4.3301161114656574,0.2707492820712333
123,Sudeste,18/04/2020,16,89012239.720951,20613,1447,8454,706,23.157489424623783,1.6256191334318446,7.019841847377868,9.497570251577619,0.7931493491381357,1.4448812168860024,1.7177615571776155,6127,450,6.884071994903848,0.5055484520002281
124,Sudeste,25/04/2020,17,89012239.720951,30024,2392,9411,945,33.730192717455225,2.687270882632324,7.966959765520916,10.572703292831438,1.0616517492004791,1.1132008516678495,1.338526912181303,7905,687,8.881175620472154,0.7721784503884965
125,Sudeste,02/05/2020,18,89012239.720951,46847,3749,16823,1357,52.62984073523264,4.211780325664123,8.002646914423549,18.899648017777416,1.5245094430317991,1.787588991605568,1.435978835978836,11562,1002,12.989973854062157,1.1264368471234714
126,Sudeste,09/05/2020,19,89012239.720951,68875,5551,22028,1802,77.37699918114603,6.236221015673926,8.059528130671506,24.74715844591339,2.0244406900098024,1.3093978481840338,1.3279292557111275,16087,1368,18.073169918840748,1.5368672940806933
127,Sudeste,16/05/2020,20,89012239.720951,93853,7723,24978,2172,105.43830859017203,8.67633487732836,8.22882592991167,28.061309409025995,2.4401138616544347,1.1339204648629018,1.2053274139844616,21276,1777,23.9027052909056,1.9963546648986787
128,Sudeste,23/05/2020,21,89012239.720951,131347,10584,37494,2861,147.56060561083103,11.890499591045366,8.058044721234591,42.12229702065901,3.214164713717006,1.5010809512370886,1.317219152854512,28166,2278,31.643588291866127,2.5595730884604144
129,Sudeste,30/05/2020,22,89012239.720951,182629,13655,51282,3071,205.17290720077702,15.34058691569581,7.476906734417864,57.612301589946,3.450087324650446,1.3677388382141142,1.0734009087731562,37918,2701,42.59863600654367,3.034788633340629
130,Sudeste,06/06/2020,23,89012239.720951,238971,16871,56342,3216,268.4698202732145,18.953573185990777,7.059852450715777,63.296913072437455,3.6129862702949636,1.0986700986700986,1.0472158905893845,48372,3049,54.343837227680815,3.4257461028874716
131,Sudeste,13/06/2020,24,89012239.720951,298336,19655,59365,2784,335.16289550208904,22.08123294236552,6.588209267403196,66.69307522887453,3.1276597563747446,1.0536544673600512,0.8656716417910447,55663,3023,62.534096630419334,3.3969111171067183
132,Sudeste,20/06/2020,25,89012239.720951,372873,23251,74537,3596,418.90081765040236,26.121126794349564,6.2356351894612905,83.73792214831334,4.039893851984045,1.2555714646677336,1.2916666666666667,63414,3198,71.24263681654178,3.5935132928845843
133,Sudeste,27/06/2020,26,89012239.720951,457002,26441,84129,3190,513.4147859133517,29.70490359852896,5.785751484676216,94.51396826294932,3.583776804179395,1.1286877658075856,0.8870967741935484,72677,3190,81.64832188004573,3.583776804179395
134,Sudeste,04/07/2020,27,89012239.720951,541740,29584,84738,3143,608.612929748008,33.23587867549944,5.460922213608003,95.19814383465629,3.530975076970482,1.0072388831437435,0.9852664576802508,81134,3309,91.15001141530631,3.718215244377974
135,Sudeste,11/07/2020,28,89012239.720951,632771,32653,91031,3069,710.8808878236364,36.683719118141,5.160318661885579,102.26795807562837,3.447840442641556,1.0742642026009583,0.9764556156538339,86632,3134,97.32669005774466,3.520864107930478
136,Sudeste,18/07/2020,29,89012239.720951,708263,35732,75492,3079,795.6916961311946,40.14279397082701,5.045018587728005,84.81080830755828,3.4590748526860056,0.8292999088222693,1.0032583903551646,83753,3097,94.09230340594763,3.479296790766014
137,Sudeste,25/07/2020,30,89012239.720951,822465,39115,114202,3383,923.990905720817,43.943394888864276,4.755825475856115,128.29920958962234,3.800600918037271,1.5127695649870185,1.0987333549853848,93575,3177,105.12599199093633,3.5691720711216113
138,Sudeste,01/08/2020,31,89012239.720951,933330,42218,110865,3103,1048.5411926786064,47.42943232565696,4.523373297761777,124.55028695778954,3.4860374367926843,0.9707798462373689,0.9172332249482708,100186,3188,112.55343495165671,3.581904402505321
139,Sudeste,08/08/2020,32,89012239.720951,1042124,45255,108794,3037,1170.7648333161906,50.84132265615628,4.342573436558413,122.22364063758404,3.4118903304993173,0.9813196229648672,0.9787302610377054,111287,3174,125.0243790616653,3.5661762284430907
140,Sudeste,15/08/2020,33,89012239.720951,1158423,48213,116299,2958,1301.419898692134,54.16446114730444,4.161951204352814,130.6550653759434,3.3231384911481663,1.0689835836535102,0.9739874876522885,111986,3032,125.80966432377232,3.4070220861467226
141,Sudeste,22/08/2020,34,89012239.720951,1256848,51411,98425,3198,1411.9945795546282,57.7572254795194,4.090470764961236,110.57468086249435,3.5927643322149545,0.8463099424758597,1.081135902636917,107839,3064,121.15112895867394,3.4425977179541456
142,Sudeste,29/08/2020,35,89012239.720951,1346969,54359,90121,2948,1513.2402063162117,61.06912956062311,4.035653381777903,101.24562676158347,3.311904081103717,0.9156311912623826,0.9218261413383365,101615,3034,114.15845766667375,3.409268968155612
143,Sudeste,05/09/2020,36,89012239.720951,1432882,56789,85913,2430,1609.758393331091,63.799091201424346,3.9632712254044646,96.51818701487912,2.729961640801232,0.9533072202927175,0.8242876526458616,91486,2858,102.77949821298564,3.211543351373301
144,Sudeste,12/09/2020,37,89012239.720951,1501010,59090,68128,2301,1686.2961820819164,66.38412895265218,3.9366826336933136,76.53778875082565,2.585037751227833,0.7929882555608581,0.9469135802469136,81387,2559,91.43386750909609,2.8756344910442606
145,Sudeste,19/09/2020,38,89012239.720951,1574663,61625,73653,2535,1769.0409823823006,69.23205189892013,3.913535785117196,82.744800300384,2.847922946267952,1.0810973461719118,1.1016949152542372,75898,2422,85.26692535536291,2.7209741127656724
146,Sul,14/03/2020,11,30192314.953971982,15,0,15,0,0.0496815167133339,0.0,0.0,0.0496815167133339,0.0,0.0,0.0,15,0,0.0496815167133339,0.0
147,Sul,21/03/2020,12,30192314.953971982,169,0,154,0,0.559745088303562,0.0,0.0,0.510063571590228,0.0,10.266666666666667,0.0,154,0,0.510063571590228,0.0
148,Sul,28/03/2020,13,30192314.953971982,521,5,352,5,1.7256046805097973,0.0165605055711113,0.9596928982725527,1.1658595922062354,0.0165605055711113,2.2857142857142856,0.0,173,1,0.5752015601699324,0.005520168523703767
149,Sul,04/04/2020,14,30192314.953971982,1175,24,654,19,3.8917188092111554,0.07949042674133423,2.0425531914893615,2.166114128701358,0.06292992117022293,1.8579545454545454,3.8,386,8,1.2806790974992737,0.026496808913778078
150,Sul,11/04/2020,15,30192314.953971982,2073,64,898,40,6.8659856097827445,0.21197447131022462,3.087313072841293,2.9742668005715895,0.1324840445688904,1.3730886850152906,2.1052631578947367,634,21,2.102080173826394,0.07065815710340821
151,Sul,18/04/2020,16,30192314.953971982,2789,105,716,41,9.237450007565883,0.3477706169933373,3.764790247400502,2.371464397783138,0.13579614568311266,0.7973273942093542,1.025,756,33,2.503948442352028,0.11040337047407534
152,Sul,25/04/2020,17,30192314.953971982,3556,148,767,43,11.777831562174356,0.49019096490489444,4.161979752530934,2.5403815546084734,0.14242034791155717,1.0712290502793296,1.048780487804878,793,41,2.6287042509877336,0.1369001793878534
153,Sul,02/05/2020,18,30192314.953971982,5522,210,1966,62,18.28942235273532,0.6955412339866746,3.802969938428106,6.5115907905609625,0.2053502690817801,2.5632333767926987,1.441860465116279,1149,48,3.807812247650858,0.16118892089214998
154,Sul,09/05/2020,19,30192314.953971982,7723,271,2201,61,25.579356905138514,0.8975794019542325,3.5089990936164703,7.289934552403194,0.20203816796755786,1.1195320447609358,0.9838709677419355,1644,55,5.447302299190877,0.18326959498696505
155,Sul,16/05/2020,20,30192314.953971982,10684,345,2961,74,35.38648830435062,1.1426748844066796,3.229127667540247,9.807131399212112,0.24509548245244722,1.3452975920036347,1.2131147540983607,2376,65,7.86955224739209,0.2174946398339284
156,Sul,23/05/2020,21,30192314.953971982,16090,432,5406,87,53.29170692783616,1.4308276813440162,2.6848974518334368,17.90521862348554,0.2881527969373366,1.8257345491388044,1.1756756756756757,3522,74,11.667428191700282,0.24509548245244725
157,Sul,30/05/2020,22,30192314.953971982,22560,540,6470,108,74.72100113685418,1.7885346016800203,2.393617021276596,21.42929420901802,0.35770692033600404,1.196818349981502,1.2413793103448276,4945,89,16.380548077238558,0.29698506657526264
158,Sul,06/06/2020,23,30192314.953971982,30015,688,7455,148,99.41271494338113,2.2787255665849147,2.2921872397134764,24.69171380652695,0.49019096490489444,1.1522411128284389,1.3703703703703705,6443,114,21.342075546343505,0.37868356072607834
159,Sul,13/06/2020,24,30192314.953971982,37276,857,7261,169,123.46188113374896,2.838470654888477,2.299066423435991,24.049166190367828,0.559745088303562,0.9739771965124078,1.1418918918918919,7062,141,23.3900580686376,0.4692143245148202
160,Sul,20/06/2020,25,30192314.953971982,50067,1104,12791,247,165.8269664857659,3.6565596301013747,2.205045239379232,42.365085352016926,0.8180889752128981,1.7616030849745214,1.4615384615384615,9169,188,30.368655116303902,0.6226750094737848
161,Sul,27/06/2020,26,30192314.953971982,68627,1433,18560,329,227.29956316573103,4.746240896680498,2.0880994360820084,61.47259667996514,1.0896812665791236,1.4510202486123056,1.3319838056680162,12870,248,42.628949407449966,0.8225051100318611
162,Sul,04/07/2020,27,30192314.953971982,94120,1861,25493,428,311.7349568705991,6.1638201735676255,1.9772630684232895,84.43539370486808,1.4175792768871271,1.3735452586206895,1.3009118541033435,18948,334,62.757691912283384,1.1084498395597162
163,Sul,11/07/2020,28,30192314.953971982,121543,2444,27423,583,402.56270572591615,8.094775123159202,2.0108109887035863,90.82774885531703,1.9309549495915774,1.0757070568391323,1.3621495327102804,23825,446,78.91191308005007,1.4794051643526094
164,Sul,18/07/2020,29,30192314.953971982,152931,3199,31388,755,506.5229354991244,10.59541146439701,2.0917930308439754,103.9602297732083,2.500636341237806,1.1445866608321482,1.2950257289879932,28101,588,93.07445744446447,1.9497235225721703
165,Sul,25/07/2020,30,30192314.953971982,192044,4087,39113,888,636.0691463796996,13.536557253826375,2.1281581304284436,129.54621088057525,2.941145789429367,1.2461131642665988,1.176158940397351,32641,742,108.11139650303353,2.4575790267529167
166,Sul,01/08/2020,31,30192314.953971982,235308,5076,43264,989,779.3638889854116,16.812225255792193,2.1571727268091183,143.29474260571186,3.275668001965815,1.1061283972080893,1.1137387387387387,37921,877,125.6003944198318,2.9058167108776627
167,Sul,08/08/2020,32,30192314.953971982,279471,6084,44163,1008,925.6362104928091,20.150823178928228,2.176970061294374,146.27232150739766,3.338597923136038,1.020779400887574,1.019211324570273,42180,961,139.7044249978949,3.1851372381770733
168,Sul,15/08/2020,33,30192314.953971982,321217,7079,41746,995,1063.9031836071317,23.446363787579376,2.2038061497367822,138.26697311432247,3.2955406086511485,0.9452709281525259,0.9871031746031746,43057,997,142.61134574247734,3.303268844584334
169,Sul,22/08/2020,34,30192314.953971982,357695,8034,36478,955,1184.7220080517313,26.609420351661637,2.24604761039433,120.8188244445996,3.1630565640822583,0.873808269055718,0.9597989949748744,40795,986,135.1193730221066,3.265731698623148
170,Sul,29/08/2020,35,30192314.953971982,399787,8837,42092,803,1324.1349681515746,29.269037546382112,2.210427052405406,139.41296009984336,2.6596171947204748,1.1539009814134547,0.8408376963350785,40105,917,132.8329192195885,3.0394047891512934
171,Sul,05/09/2020,36,30192314.953971982,473494,9651,73707,814,1568.2600049775547,31.96508785335903,2.0382518046691196,244.12503682598012,2.6960503069769195,1.7510928442459375,1.0136986301369864,50759,857,168.11894045680768,2.8395746885932174
172,Sul,12/09/2020,37,30192314.953971982,506241,10355,32747,704,1676.7213801649912,34.2968070377715,2.045468462649213,108.46137518743635,2.3317191844124707,0.4442861600662081,0.8648648648648649,49515,773,163.99979070441995,2.5624622287032888
173,Sul,19/09/2020,38,30192314.953971982,542869,11099,36628,744,1798.037019776724,36.76101026675286,2.0445079752205415,121.31563961173293,2.4642032289813613,1.1185146730998259,1.0568181818181819,47694,754,157.96735054171646,2.497324240123584
